{
  "project_info": {
    "project_number": "540793500105",
    "firebase_url": "https://travelmantics-b52f4.firebaseio.com",
    "project_id": "travelmantics-b52f4",
    "storage_bucket": "travelmantics-b52f4.appspot.com"
  },
  "client": [
    {
      "client_info": {
        "mobilesdk_app_id": "1:540793500105:android:b4470d06b32c6715",
        "android_client_info": {
          "package_name": "com.example.travelmantics"
        }
      },
      "oauth_client": [
        {
          "client_id": "540793500105-jb3fnnss4bvqffd5pesc0i869jd7r0c4.apps.googleusercontent.com",
          "client_type": 1,
          "android_info": {
            "package_name": "com.example.travelmantics",
            "certificate_hash": "889e86472a87af193a460ad5e98e20d6f0b54df3"
          }
        },
        {
          "client_id": "540793500105-ojlcj4h60lhavq1nsuu7saimvhtbgcvo.apps.googleusercontent.com",
          "client_type": 3
        }
      ],
      "api_key": [
        {
          "current_key": "AIzaSyDvisCvXWRwPhMn0EYSGEsJCdG9NxmzoTs"
        }
      ],
      "services": {
        "appinvite_service": {
          "other_platform_oauth_client": [
            {
              "client_id": "540793500105-ojlcj4h60lhavq1nsuu7saimvhtbgcvo.apps.googleusercontent.com",
              "client_type": 3
            }
          ]
        }
      }
    }
  ],
  "configuration_version": "1"
}